"Reference","Qty","Value","DNP","Exclude from BOM","Exclude from Board","Footprint","Datasheet"
"C1,C5","2","220uF","","","","Capacitor_SMD:C_Elec_4x5.4",""
"C2,C6","2","330uF","","","","Capacitor_SMD:C_0805_2012Metric_Pad1.18x1.45mm_HandSolder","~"
"C3,C7","2","470uF","","","","Capacitor_SMD:C_Elec_4x5.4",""
"C4,C8","2","1mF","","","","Capacitor_SMD:C_0805_2012Metric_Pad1.18x1.45mm_HandSolder","~"
"C9,C10","2","100nF","","","","Capacitor_SMD:C_0805_2012Metric_Pad1.18x1.45mm_HandSolder","~"
"D1,D4","2","SMAJ30CA","","","","Diode_SMD:D_SMA","https://www.littelfuse.com/media?resourcetype=datasheets&itemid=75e32973-b177-4ee3-a0ff-cedaf1abdb93&filename=smaj-datasheet"
"D3,D6","2","SS34","","","","Diode_SMD:D_SMA","https://www.vishay.com/docs/88751/ss32.pdf"
"D7,D10,D11,D12,D13","5","LED","","","","LED_THT:LED_D1.8mm_W1.8mm_H2.4mm_Horizontal_O1.27mm_Z1.6mm","~"
"D8,D9","2","LED","","","","LED_SMD:LED_0805_2012Metric","~"
"ENCODER1,ENCODER2,ENCODER3","3","Conn_01x05","","","","Connector_JST:JST_EH_B5B-EH-A_1x05_P2.50mm_Vertical","~"
"F1,F2","2","Polyfuse","","","","Capacitor_Tantalum_SMD:CP_EIA-3528-12_Kemet-T_HandSolder","~"
"J1,J2","2","Conn_02x25_Top_Bottom","","","","Connector_PinSocket_2.54mm:PinSocket_2x25_P2.54mm_Vertical","~"
"J3,J4,J5","3","Conn_01x10_Socket","","","","Connector_PinSocket_2.54mm:PinSocket_1x10_P2.54mm_Vertical","~"
"L1","1","33uH","","","","Inductor_SMD:L_12x12mm_H8mm","~"
"L2","1","22uH","","","","Inductor_SMD:L_12x12mm_H8mm","~"
"power1","1","Conn_01x02_Socket","","","","Connector_BarrelJack:BarrelJack_GCT_DCJ200-10-A_Horizontal","~"
"R1","1","3k","","","","Resistor_SMD:R_0805_2012Metric","~"
"R2,R3,R4,R5,R6,R7,R17,R18","8","1k","","","","Resistor_SMD:R_0805_2012Metric","~"
"R8,R9,R10,R11,R12,R13,R14,R15,R16","9","4.7k","","","","Resistor_SMD:R_0805_2012Metric","~"
"SD_CARD1","1","Conn_01x09_MountingPin","","","","Connector_JST:JST_GH_BM09B-GHS-TBT_1x09-1MP_P1.25mm_Vertical","~"
"U1","1","LM2596S-5","","","","Package_TO_SOT_SMD:TO-263-5_TabPin3","http://www.ti.com/lit/ds/symlink/lm2596.pdf"
"U2","1","LM2596S-3.3","","","","Package_TO_SOT_SMD:TO-263-5_TabPin3","http://www.ti.com/lit/ds/symlink/lm2596.pdf"
"UART1","1","Conn_01x04","","","","Connector_JST:JST_EH_B4B-EH-A_1x04_P2.50mm_Vertical","~"
